{"count":1,"self":1299.3086464,"total":1304.968723,"children":{"InitializeActuators":{"count":2,"self":0.00098099999999999988,"total":0.00098099999999999988,"children":null},"InitializeSensors":{"count":2,"self":0.000676,"total":0.000676,"children":null},"AgentSendState":{"count":65022,"self":0.205698,"total":0.29187199999999996,"children":{"CollectObservations":{"count":13006,"self":0.042248999999999995,"total":0.042248999999999995,"children":null},"WriteActionMask":{"count":13006,"self":0.010348,"total":0.010348,"children":null},"RequestDecision":{"count":13006,"self":0.033576999999999996,"total":0.033576999999999996,"children":null}}},"DecideAction":{"count":65022,"self":4.7207219999999994,"total":4.7207219999999994,"children":null},"AgentAct":{"count":65022,"self":0.64552,"total":0.64552,"children":null}},"gauges":{"TargetBall.CumulativeReward":{"count":101,"max":2.62501264,"min":-0.995,"runningAverage":0.933368862,"value":2.44500852,"weightedAverage":1.96985936},"RollerBall.CumulativeReward":{"count":101,"max":1,"min":-2.95001531,"runningAverage":-1.02549887,"value":-2.74501061,"weightedAverage":-2.15754032}},"metadata":{"timer_format_version":"0.1.0","start_time_seconds":"1673455490","unity_version":"2021.3.16f1","command_line_arguments":"\/Applications\/Unity\/Hub\/Editor\/2021.3.16f1\/Unity.app\/Contents\/MacOS\/Unity -projectpath \/Users\/moosan6363\/Documents\/Unity\/RL_tag -useHub -hubIPC -cloudEnvironment production","communication_protocol_version":"1.5.0","com.unity.ml-agents_version":"2.3.0-exp.3","scene_name":"SampleScene","end_time_seconds":"1673456795"}}